"Year","District","CountyNumber","CountyName","LicenseTypeCode","LicenseNumber","BusinessName","LocationAddress","LocationCity","Neighborhood","LocationZipCode","InspectionNumber","VisitNumber","InspectionClass","InspectionType","InspectionDisposition","InspectionDate","CriticalViolations","NoncriticalViolations","TotalViolations","HighPriorityViolations","IntermediateViolations","BasicViolations","PDAStatus","a1","a2","a3","a4","a5","a6","a7","a8","a9","a10","a11","a12","a13","a14","a15","a16","a17","a18","a19","a20","a21","a22","a23","a24","a25","a26","a27","a28","a29","a30","a31","a32","a33","a34","a35","a36","a37","a38","a39","a40","a41","a42","a43","a44","a45","a46","a47","a48","a49","a50","a51","a52","a53","a54","a55","a56","LicenseID","InspectionVisitID"
"2018","D5","11","Alachua","2010","1101280","CLOCK RESTAURANT","2010 N MAIN ST","GAINESVILLE","","32609","2684337","2","Food","Routine - Food","Call Back - Extension given, pending","05/02/2018","","","4","1","1","2","Y","0","0","1","0","0","0","0","0","0","0","0","0","0","0","0","0","0","0","0","0","0","1","0","0","0","0","0","1","0","0","0","0","0","0","0","0","0","0","0","0","0","0","0","0","0","0","0","0","0","1","0","0","0","0","0","0","2129170","6535653"
"2018","D5","11","Alachua","2010","1101280","CLOCK RESTAURANT","2010 N MAIN ST","GAINESVILLE","","32609","2684337","3","Food","Routine - Food","Call Back - Complied","05/03/2018","","","1","0","0","1","Y","0","0","0","0","0","0","0","0","0","0","0","0","0","0","0","0","0","0","0","0","0","0","0","0","0","0","0","0","0","0","0","0","0","0","0","0","0","0","0","0","0","0","0","0","0","0","0","0","0","1","0","0","0","0","0","0","2129170","6537393"
"2018","D5","11","Alachua","2010","1101640","CHEF BROTHERS CATERING","5240 NW 34 ST STE-A","GAINESVILLE","","32605","2773348","1","Food","Complaint Full","Administrative complaint recommended","05/02/2018","","","8","3","2","3","Y","1","1","1","0","0","0","0","0","0","0","0","0","0","0","0","0","0","0","0","0","1","0","1","0","0","0","0","0","0","0","1","0","0","0","2","0","0","0","0","0","0","0","0","0","0","0","0","0","0","0","0","0","0","0","0","0","5430232","6535766"
"2018","D5","11","Alachua","2010","1101640","CHEF BROTHERS CATERING","5240 NW 34 ST STE-A","GAINESVILLE","","32605","2773348","2","Food","Complaint Full","Call Back - Complied","05/03/2018","","","0","0","0","0","Y","0","0","0","0","0","0","0","0","0","0","0","0","0","0","0","0","0","0","0","0","0","0","0","0","0","0","0","0","0","0","0","0","0","0","0","0","0","0","0","0","0","0","0","0","0","0","0","0","0","0","0","0","0","0","0","0","5430232","6537337"
"2018","D5","11","Alachua","2010","1102593","GAINESVILLE GOLF & COUNTRY CLUB INC","7300 SW 35 WAY","GAINESVILLE","","32608","2772509","1","Food","Routine - Food","Inspection Completed - No Further Action","05/04/2018","","","1","0","0","1","Y","0","0","0","0","0","0","0","0","0","0","0","0","0","0","0","0","0","0","0","0","0","0","1","0","0","0","0","0","0","0","0","0","0","0","0","0","0","0","0","0","0","0","0","0","0","0","0","0","0","0","0","0","0","0","0","0","6998787","6529487"
"2018","D5","11","Alachua","2010","1102902","NEW HOT WOK HOUSE","3006 NW 13 ST","GAINESVILLE","","32609","2760141","1","Food","Routine - Food","Inspection Completed - No Further Action","05/03/2018","","","13","2","4","7","Y","0","0","2","0","0","0","0","1","0","0","0","1","0","1","0","0","0","0","0","0","1","1","1","0","1","0","0","0","0","0","2","0","0","0","0","0","0","1","0","1","0","0","0","0","0","0","0","0","0","0","0","0","0","0","0","0","6370423","6463635"
"2018","D5","11","Alachua","2013","1102959","CELEBRATIONS CATERING","317 NE 35 AVE","GAINESVILLE","","32609","1109607","1","Food","Routine - Food","Inspection Completed - No Further Action","05/03/2018","","","10","1","2","7","Y","0","0","0","0","0","0","0","0","0","1","0","0","1","1","0","0","0","0","0","0","0","1","1","0","0","0","0","0","1","0","1","0","0","0","0","1","0","0","0","0","0","0","0","0","0","0","0","0","0","0","0","0","2","0","0","0","6475603","6444510"
"2018","D5","11","Alachua","2010","1103050","SUBWAY #10934","2755 SW 91 ST","GAINESVILLE","","32608","2691427","1","Food","Routine - Food","Inspection Completed - No Further Action","05/03/2018","","","2","0","0","2","Y","0","0","0","0","0","0","0","0","0","0","0","0","0","2","0","0","0","0","0","0","0","0","0","0","0","0","0","0","0","0","0","0","0","0","0","0","0","0","0","0","0","0","0","0","0","0","0","0","0","0","0","0","0","0","0","0","3035452","6261649"
"2018","D5","11","Alachua","2010","1103084","STEAK N SHAKE #80","1610 SW 13 ST","GAINESVILLE","","32608","2773349","1","Food","Complaint Full","Inspection Completed - No Further Action","05/02/2018","","","6","1","2","3","Y","0","0","1","0","0","0","0","0","0","0","0","1","0","0","0","0","0","0","0","0","1","1","1","0","1","0","0","0","0","0","1","0","0","0","0","0","0","0","0","0","0","0","0","0","0","0","0","0","0","0","0","0","0","0","0","0","3296677","6535804"
"2018","D5","11","Alachua","2010","1103094","SUBWAY 38191","3424 SW WILLISTON RD","GAINESVILLE","","32608","2711928","1","Food","Routine - Food","Inspection Completed - No Further Action","05/03/2018","","","4","1","1","2","Y","0","0","1","0","0","0","0","0","0","0","0","0","0","0","0","0","0","0","0","0","0","0","0","1","0","0","1","0","0","0","0","0","0","0","0","0","0","0","0","0","0","1","0","0","0","0","0","0","0","0","0","0","0","0","0","0","6040839","6292423"
"2018","D5","11","Alachua","2010","1103189","RANDY'S RIB SHACK","14805  NE WALDO RD","WALDO","","32694","2753987","2","Food","Routine - Food","Call Back - Complied","05/04/2018","","","0","0","0","0","Y","0","0","0","0","0","0","0","0","0","0","0","0","0","0","0","0","0","0","0","0","0","0","0","0","0","0","0","0","0","0","0","0","0","0","0","0","0","0","0","0","0","0","0","0","0","0","0","0","0","0","0","0","0","0","0","0","5576855","6534917"
"2018","D5","11","Alachua","2010","1103196","SAMURAI JAPANESE STEAK HOUSE & SUSHI BAR","3720 NW 13 ST STE 1","GAINESVILLE","","32609","2756679","1","Food","Routine - Food","Warning Issued","05/02/2018","","","16","4","4","8","Y","0","1","2","0","0","0","0","1","0","1","0","1","0","1","0","0","0","0","0","0","0","1","1","0","0","0","0","0","1","0","1","0","0","0","0","1","0","0","0","1","1","0","0","0","1","0","0","0","0","1","0","0","1","0","0","0","5858850","6451801"
"2018","D5","11","Alachua","2010","1103431","FRESCO PIZZA & PASTA","5212 SW 91ST TERRACE, STE A","GAINESVILLE","","32608","2773705","1","Food","Complaint Full","Inspection Completed - No Further Action","05/04/2018","","","6","1","1","4","Y","1","0","0","0","0","0","0","0","0","0","0","1","0","0","0","0","0","0","0","0","1","1","1","0","0","0","0","0","1","0","0","0","0","0","0","0","0","0","0","0","0","0","0","0","0","0","0","0","0","0","0","0","0","0","0","0","6312191","6539001"
"2018","D5","12","Baker","2010","1200122","GEORGE'S","7466 W MOUNT VERNON ST","GLEN ST MARY","","32040","2746543","2","Food","Routine - Food","Call Back - Admin. complaint recommended","05/04/2018","","","4","1","0","3","Y","0","0","1","0","0","0","0","0","0","0","0","0","0","2","0","0","0","0","0","0","0","0","0","0","0","0","0","0","0","0","0","0","0","0","0","1","0","0","0","0","0","0","0","0","0","0","0","0","0","0","0","0","0","0","0","0","6089798","6534725"
"2018","D5","12","Baker","2014","1250029","SANDERSON SMOKEHOUSE GRILL","12960 CHARNEY RHODEN RD","GLEN ST MARY","","32040","1200512","1","Food","Routine - Food","Inspection Completed - No Further Action","05/04/2018","","","1","0","0","1","Y","0","0","0","0","0","0","0","0","0","0","0","0","0","0","0","0","0","0","0","0","0","1","0","0","0","0","0","0","0","0","0","0","0","0","0","0","0","0","0","0","0","0","0","0","0","0","0","0","0","0","0","0","0","0","0","0","6464742","6418948"
"2018","D5","14","Bradford","2010","1400067","KEYSTONE INN (THE)","208 W. STATE ROAD 100","KEYSTONE HEIGHTS","Clay County","32656","2772677","3","Food","Complaint Full","Call Back - Complied","05/03/2018","","","4","0","0","4","Y","0","0","0","0","0","0","0","0","0","0","0","0","0","2","0","0","0","0","0","0","0","0","0","0","0","0","0","0","0","0","0","0","0","0","0","2","0","0","0","0","0","0","0","0","0","0","0","0","0","0","0","0","0","0","0","0","2132318","6532707"
"2018","D5","20","Clay","2010","2000500","JOEY MOZZARELLA","930 BLANDING BLVD STE D","ORANGE PARK","Clay County","32065","2748882","1","Food","Routine - Food","Inspection Completed - No Further Action","05/02/2018","","","8","0","0","8","Y","0","0","0","0","0","0","0","0","0","0","0","0","0","3","0","1","0","0","0","0","0","0","0","0","1","0","0","0","0","0","0","0","0","0","0","3","0","0","0","0","0","0","0","0","0","0","0","0","0","0","0","0","0","0","0","0","6105035","6422633"
"2018","D5","20","Clay","2010","2000729","TACO BELL # 23704","938 S BLANDING BLVD","ORANGE PARK","Clay County","32065","2754215","1","Food","Routine - Food","Inspection Completed - No Further Action","05/02/2018","","","6","0","0","6","Y","0","0","0","0","0","0","0","0","0","0","0","0","0","1","0","0","0","0","0","0","0","0","0","0","0","0","0","0","0","0","0","0","0","0","0","5","0","0","0","0","0","0","0","0","0","0","0","0","0","0","0","0","0","0","0","0","3524874","6443174"
"2018","D5","20","Clay","2010","2000961","HUNAN WOK","868 BLANDING BLVD #125","ORANGE PARK","Clay County","32065","2758142","1","Food","Routine - Food","Inspection Completed - No Further Action","05/03/2018","","","7","1","0","6","Y","0","1","0","0","0","1","0","1","0","0","0","0","0","1","0","0","0","0","0","0","1","0","0","1","0","0","0","0","0","0","0","0","0","0","0","1","0","0","0","0","0","0","0","0","0","0","0","0","0","0","0","0","0","0","0","0","6470203","6456940"
"2018","D5","20","Clay","2010","2001064","O'CHARLEY'S #369","1609 CR 220","ORANGE PARK","Clay County","32003","2748075","1","Food","Routine - Food","Inspection Completed - No Further Action","05/04/2018","","","7","0","2","5","Y","0","0","0","0","0","0","0","0","0","0","0","0","0","0","0","2","0","0","0","0","0","2","0","1","0","0","0","0","0","0","0","0","0","0","0","2","0","0","0","0","0","0","0","0","0","0","0","0","0","0","0","0","0","0","0","0","5419965","6419645"
"2018","D5","20","Clay","2010","2001092","THE PIG BAR-B-Q","1330 BLANDING BLVD STE 170","ORANGE PARK","Clay County","32065","2740588","1","Food","Routine - Food","Inspection Completed - No Further Action","05/02/2018","","","8","0","1","7","Y","0","0","0","0","0","0","0","0","0","0","0","0","0","2","0","1","0","0","0","0","0","1","1","1","0","0","0","0","0","0","1","0","0","0","0","0","0","0","0","1","0","0","0","0","0","0","0","0","0","0","0","0","0","0","0","0","2774582","6386317"
"2018","D5","20","Clay","2010","2001109","FIRE WOK","1330 BLANDING BLVD #145","ORANGE PARK","Clay County","32065","2691166","1","Food","Routine - Food","Inspection Completed - No Further Action","05/02/2018","","","9","2","0","7","Y","0","1","0","0","0","0","0","2","0","0","0","0","0","0","0","0","0","0","0","0","2","0","1","0","0","0","0","0","0","0","0","0","0","0","0","3","0","0","0","0","0","0","0","0","0","0","0","0","0","0","0","0","0","0","0","0","2941180","6261172"
"2018","D5","20","Clay","2010","2001172","STEAK N SHAKE #664","1607 CR 220","ORANGE PARK","Clay County","32003","2742382","1","Food","Routine - Food","Inspection Completed - No Further Action","05/04/2018","","","10","0","1","9","Y","0","0","0","0","0","0","0","0","0","0","0","1","0","0","0","1","0","0","0","0","0","2","3","0","0","0","0","0","0","0","0","0","0","0","0","3","0","0","0","0","0","0","0","0","0","0","0","0","0","0","0","0","0","0","0","0","3610643","6397728"
"2018","D5","20","Clay","2010","2001206","CREEK LIFE FOOD SHACK","2853 HENLEY RD  STE 103","GREEN COVE SPRINGS","Clay County","32043","2737348","3","Food","Routine - Food","Call Back - Complied","05/04/2018","","","1","0","1","0","Y","0","0","0","0","0","0","0","0","0","0","0","0","0","0","0","0","0","0","0","0","0","1","0","0","0","0","0","0","0","0","0","0","0","0","0","0","0","0","0","0","0","0","0","0","0","0","0","0","0","0","0","0","0","0","0","0","6069686","6507648"
"2018","D5","20","Clay","2010","2001235","LUCA'S ITALIAN AMERICAN RESTAURANT","1339 BLANDING BLVD#8","ORANGE PARK","Clay County","32065","2745981","1","Food","Routine - Food","Inspection Completed - No Further Action","05/03/2018","","","9","1","0","8","Y","0","0","0","0","0","0","0","1","0","0","0","1","0","0","0","1","0","0","0","0","0","1","1","0","1","0","0","0","0","0","1","0","0","0","0","1","0","0","0","0","0","0","0","0","0","0","0","0","0","0","1","0","0","0","0","0","4228205","6411627"
"2018","D5","20","Clay","2010","2001236","ASIAN PARADISE","2223 CR 220 STE 201","MIDDLEBURG","Clay County","32068","2760640","1","Food","Routine - Food","Inspection Completed - No Further Action","05/04/2018","","","5","0","1","4","Y","0","0","0","0","0","0","0","0","0","0","0","0","0","0","0","0","0","0","0","0","0","0","1","0","1","0","0","0","0","0","1","1","0","0","0","1","0","0","0","0","0","0","0","0","0","0","0","0","0","0","0","0","0","0","0","0","4230202","6465493"
"2018","D5","20","Clay","2010","2001273","OISHI SUSHI","950 BLANDING BLVD # 8","ORANGE PARK","Clay County","32065","2759784","1","Food","Routine - Food","Inspection Completed - No Further Action","05/03/2018","","","7","0","0","7","Y","0","0","0","0","0","0","0","0","0","0","0","0","0","0","0","1","0","0","0","0","0","0","0","0","1","0","0","0","0","0","0","0","2","0","0","3","0","0","0","0","0","0","0","0","0","0","0","0","0","0","0","0","0","0","0","0","6062821","6462574"
"2018","D5","20","Clay","2010","2001377","CLYDE'S COZY CORNER","130 SE NIGHTINGALE STREET","KEYSTONE HEIGHTS","Clay County","32656","2741485","2","Food","Routine - Food","Call Back - Complied","05/03/2018","","","0","0","0","0","Y","0","0","0","0","0","0","0","0","0","0","0","0","0","0","0","0","0","0","0","0","0","0","0","0","0","0","0","0","0","0","0","0","0","0","0","0","0","0","0","0","0","0","0","0","0","0","0","0","0","0","0","0","0","0","0","0","6806401","6536334"
"2018","D5","20","Clay","2010","2001383","SUSHI CAFE","5000 US HWY 17  STE 19","FLEMING ISLAND","Clay County","32003","2768661","3","Food","Food-Licensing Inspection","Call Back - Complied","05/04/2018","","","0","0","0","0","Y","0","0","0","0","0","0","0","0","0","0","0","0","0","0","0","0","0","0","0","0","0","0","0","0","0","0","0","0","0","0","0","0","0","0","0","0","0","0","0","0","0","0","0","0","0","0","0","0","0","0","0","0","0","0","0","0","6950493","6529284"
"2018","D5","22","Columbia","2010","2200063","KEN'S B B Q EAST","795 SE SR 100","LAKE CITY","","32055","2772196","1","Food","Routine - Food","Inspection Completed - No Further Action","05/02/2018","","","2","0","1","1","Y","0","0","0","0","0","1","0","0","0","0","0","0","0","0","0","0","0","0","0","0","0","0","0","0","0","0","0","0","0","0","1","0","0","0","0","0","0","0","0","0","0","0","0","0","0","0","0","0","0","0","0","0","0","0","0","0","2153146","6527464"
"2018","D5","22","Columbia","2010","2200623","MIMA'S 1940","2668 NE BASCOM NORRIS DR","LAKE CITY","","32055","2773354","1","Food","Complaint Full","Inspection Completed - No Further Action","05/02/2018","","","5","1","1","3","Y","1","0","1","0","0","0","0","0","0","0","0","0","0","0","0","0","0","0","0","0","1","0","0","1","0","0","0","0","0","0","0","0","0","0","0","1","0","0","0","0","0","0","0","0","0","0","0","0","0","0","0","0","0","0","0","0","6637419","6535857"
"2018","D5","22","Columbia","2010","2200624","MOE'S SOUTHWEST GRILL","2941 W US HWY 90 #101","LAKE CITY","","32055","2754518","1","Food","Routine - Food","Inspection Completed - No Further Action","05/03/2018","","","3","0","2","1","Y","0","0","0","0","0","0","0","0","0","0","0","0","0","0","0","0","0","0","0","0","1","0","0","0","0","0","0","0","0","0","1","0","0","0","0","0","0","0","0","0","0","0","0","0","0","0","0","0","0","0","0","0","1","0","0","0","3017490","6444312"
"2018","D5","22","Columbia","2010","2200673","NANNY'S DINER AND DELI","7674 SW US 27","FORT WHITE","","32038","2754694","1","Food","Routine - Food","Emergency order recommended","05/02/2018","","","4","3","1","0","Y","0","0","1","0","1","0","0","1","0","0","0","0","0","0","0","0","0","0","0","0","0","0","0","0","0","0","0","1","0","0","0","0","0","0","0","0","0","0","0","0","0","0","0","0","1","0","0","0","0","0","0","0","0","0","0","0","6425369","6444522"
"2018","D5","22","Columbia","2014","2250089","MAMA DUKES HOME COOKING","133 NW WILTON WAY","LAKE CITY","","32055","1198281","2","Food","Routine - Food","Call Back - Complied","05/02/2018","","","0","0","0","0","Y","0","0","0","0","0","0","0","0","0","0","0","0","0","0","0","0","0","0","0","0","0","0","0","0","0","0","0","0","0","0","0","0","0","0","0","0","0","0","0","0","0","0","0","0","0","0","0","0","0","0","0","0","0","0","0","0","6385930","6533482"
"2018","D5","25","Dixie","2010","2500166","THE HORSESHOE SHRIMP BOAT","110 MAIN ST","HORSESHOE BEACH","","32648","2743059","1","Food","Routine - Food","Warning Issued","05/04/2018","","","7","3","2","2","Y","0","0","1","0","0","0","0","1","0","0","0","1","0","1","0","0","0","0","0","0","0","1","0","0","0","0","0","0","0","0","0","0","0","0","0","0","0","0","0","0","1","0","0","0","0","0","0","0","0","0","0","0","1","0","0","0","6675396","6400066"
"2018","D5","26","Duval","2010","2600260","TIMUQUANA COUNTRY CLUB","4028 TIMUQUANA RD","JACKSONVILLE","Westside","32210","2760255","1","Food","Routine - Food","Warning Issued","05/04/2018","","","12","2","3","7","Y","0","1","1","0","0","0","0","2","0","0","0","1","0","0","0","1","0","0","0","0","1","1","0","1","0","0","0","0","0","0","0","0","1","0","0","0","0","0","0","0","1","0","0","0","0","0","0","0","0","0","0","0","1","0","0","0","2173506","6464266"
"2018","D5","26","Duval","2010","2607370","FAMOUS AMOS RESTAURANT","10339 SAN JOSE BLVD","JACKSONVILLE","Mandarin","32257","2744838","2","Food","Routine - Food","Call Back - Admin. complaint recommended","05/02/2018","","","2","1","1","0","Y","0","0","1","0","0","0","0","0","0","0","0","0","0","1","0","0","0","0","0","0","0","0","0","0","0","0","0","0","0","0","0","0","0","0","0","0","0","0","0","0","0","0","0","0","0","0","0","0","0","0","0","0","0","0","0","0","4000153","6536526"
"2018","D5","26","Duval","2010","2607370","FAMOUS AMOS RESTAURANT","10339 SAN JOSE BLVD","JACKSONVILLE","Mandarin","32257","2744838","3","Food","Routine - Food","Call Back - Complied","05/03/2018","","","0","0","0","0","Y","0","0","0","0","0","0","0","0","0","0","0","0","0","0","0","0","0","0","0","0","0","0","0","0","0","0","0","0","0","0","0","0","0","0","0","0","0","0","0","0","0","0","0","0","0","0","0","0","0","0","0","0","0","0","0","0","4000153","6537290"
"2018","D5","26","Duval","2010","2607560","HALF WAY HOUSE AT TIMUQUANA CNTRY CLUB","4028 TIMUQUANA RD","JACKSONVILLE","Westside","32210","2773340","1","Food","Complaint Full","Warning Issued","05/04/2018","","","7","0","2","5","Y","0","1","0","0","0","0","0","0","0","0","0","0","0","0","0","0","0","0","0","0","1","1","0","1","1","0","0","0","0","0","0","0","0","0","0","0","0","0","0","0","0","0","0","0","0","0","0","0","0","1","0","0","1","0","0","0","2174786","6535723"
"2018","D5","26","Duval","2010","2608576","THE FRONT PAGE RESTAURANT AT RAMADA BAYMEADOWS HOTEL","9150 BAYMEADOWS RD","JACKSONVILLE","Southside","32256","2773369","2","Food","Routine - Food","Call Back - Admin. complaint recommended","07/24/2018","","","16","4","3","9","N","1","0","0","0","0","0","0","1","0","0","0","0","0","0","0","0","0","0","0","0","0","1","0","0","0","0","0","0","3","0","3","0","1","0","2","2","0","0","0","0","1","0","0","0","0","0","0","0","0","1","0","0","0","0","0","0","6847030","6536032"
"2018","D5","26","Duval","2010","2608576","THE FRONT PAGE RESTAURANT AT RAMADA BAYMEADOWS HOTEL","9150 BAYMEADOWS RD","JACKSONVILLE","Southside","32256","2773369","3","Food","Routine - Food","Call Back - Extension given, pending","07/26/2018","","","5","1","0","4","N","0","0","0","0","0","0","0","0","0","0","0","0","0","0","0","0","0","0","0","0","0","0","0","0","0","0","0","0","0","0","0","0","1","0","1","2","0","0","0","0","0","0","0","0","0","0","0","0","0","1","0","0","0","0","0","0","6847030","6536035"
"2018","D5","26","Duval","2010","2608663","GUBBIO'S ITALIAN RESTAURANT","5111 BAYMEADOWS ROAD #19","JACKSONVILLE","Mandarin, Southside","32217","2773444","1","Food","Complaint Partial","Inspection Completed - No Further Action","05/02/2018","","","0","0","0","0","Y","0","0","0","0","0","0","0","0","0","0","0","0","0","0","0","0","0","0","0","0","0","0","0","0","0","0","0","0","0","0","0","0","0","0","0","0","0","0","0","0","0","0","0","0","0","0","0","0","0","0","0","0","0","0","0","0","3437765","6536604"
"2018","D5","26","Duval","2010","2608772","WAFFLE HOUSE #536","1066 HWY 301","BALDWIN","Northside, Westside","32234","2741866","1","Food","Routine - Food","Inspection Completed - No Further Action","05/04/2018","","","10","3","1","6","Y","0","0","1","0","0","0","0","0","0","0","0","0","1","1","0","0","0","0","0","0","2","0","0","0","0","0","0","0","2","0","1","0","0","0","0","0","0","1","0","0","0","0","0","0","0","0","0","0","0","0","1","0","0","0","0","0","3979176","6394728"
"2018","D5","26","Duval","2010","2609282","LOOP (THE)","9965 SAN JOSE BLVD #58","JACKSONVILLE","Mandarin","32257","2728839","1","Food","Routine - Food","Warning Issued","05/03/2018","","","6","2","1","3","Y","0","0","2","0","0","0","0","0","0","0","0","0","1","0","0","1","0","0","0","0","0","0","1","0","0","0","0","0","0","0","0","0","0","0","0","0","0","0","0","1","0","0","0","0","0","0","0","0","0","0","0","0","0","0","0","0","2175215","6337586"
"2018","D5","26","Duval","2010","2609282","LOOP (THE)","9965 SAN JOSE BLVD #58","JACKSONVILLE","Mandarin","32257","2728839","2","Food","Routine - Food","Call Back - Complied","05/04/2018","","","1","0","0","1","Y","0","0","0","0","0","0","0","0","0","0","0","0","0","0","0","0","0","0","0","0","0","0","1","0","0","0","0","0","0","0","0","0","0","0","0","0","0","0","0","0","0","0","0","0","0","0","0","0","0","0","0","0","0","0","0","0","2175215","6538227"
"2018","D5","26","Duval","2010","2609609","KFC","2258 EDGEWOOD AVE","JACKSONVILLE","Northside","32209","2773010","2","Food","Complaint Full","Call Back - Complied","05/04/2018","","","3","0","0","3","Y","0","0","0","0","0","0","0","0","0","0","0","0","0","0","0","0","0","0","0","0","0","1","1","0","0","0","0","0","1","0","0","0","0","0","0","0","0","0","0","0","0","0","0","0","0","0","0","0","0","0","0","0","0","0","0","0","6865269","6536601"
"2018","D5","26","Duval","2010","2610925","JIM'S PLACE","7900 ARLINGTON EXPY","JACKSONVILLE","Arlington","32211","2682812","1","Food","Routine - Food","Inspection Completed - No Further Action","05/02/2018","","","12","1","5","6","Y","1","0","0","0","0","0","0","1","0","0","0","0","0","0","0","0","0","0","0","0","0","2","1","0","0","0","0","0","0","0","3","0","0","0","0","3","0","0","0","0","0","1","0","0","0","0","0","0","0","0","0","0","0","0","0","0","2175705","6245036"
"2018","D5","26","Duval","2010","2610938","BURGER KING  #7-7257","1093 US 301","BALDWIN","Northside, Westside","32234","2693535","1","Food","Routine - Food","Inspection Completed - No Further Action","05/04/2018","","","9","2","1","6","Y","0","0","1","0","1","0","0","1","0","0","0","0","0","1","0","0","0","0","0","0","0","2","2","0","0","0","0","0","0","0","0","0","0","0","0","1","0","0","0","0","0","0","0","0","0","0","0","0","0","0","0","0","0","0","0","0","3447320","6265186"
"2018","D5","26","Duval","2010","2610974","ST JOHN'S HOUSE B&B","1718 OSCEOLA ST","JACKSONVILLE","Westside","32204","2682799","1","Food","Routine - Food","Inspection Completed - No Further Action","05/02/2018","","","1","0","0","1","Y","0","0","0","0","0","0","0","0","0","0","0","0","0","0","0","0","0","0","0","0","0","0","0","0","0","0","0","0","0","0","1","0","0","0","0","0","0","0","0","0","0","0","0","0","0","0","0","0","0","0","0","0","0","0","0","0","2175722","6245019"
"2018","D5","26","Duval","2010","2611412","HAVANA-JAX CAFE","2578 ATLANTIC BLVD","JACKSONVILLE","Southside","32207","2685839","1","Food","Routine - Food","Warning Issued","05/02/2018","","","18","4","6","8","Y","1","2","2","0","0","0","0","0","0","2","0","0","0","1","0","0","0","0","0","0","1","2","1","0","0","0","0","0","0","0","2","0","0","0","0","0","0","0","0","1","1","0","0","0","0","0","0","0","0","0","1","0","1","0","0","0","2175919","6251287"
"2018","D5","26","Duval","2010","2611835","CHOWDER TED'S","5215 HECKSCHER DR","JACKSONVILLE","Northside","32226","2771535","1","Food","Food-Licensing Inspection","Inspection Completed - No Further Action","05/03/2018","","","9","3","1","5","Y","0","0","0","0","0","1","0","1","1","0","0","0","0","1","0","0","0","0","0","0","0","2","1","0","1","0","0","0","0","0","0","0","0","0","0","0","0","0","0","0","0","0","0","0","0","0","0","0","0","0","1","0","0","0","0","0","6986482","6521985"
"2018","D5","26","Duval","2010","2611914","LA NOPALERA MEXICAN RESTAURANT","11112 SAN JOSE BLVD #23","JACKSONVILLE","Mandarin","32223","2772158","2","Food","Complaint Full","Call Back - Complied","05/02/2018","","","3","1","0","2","Y","0","0","1","0","0","0","0","1","0","0","0","0","0","0","0","0","0","0","0","0","0","0","0","0","0","0","0","0","0","0","0","0","0","0","0","0","0","1","0","0","0","0","0","0","0","0","0","0","0","0","0","0","0","0","0","0","6038480","6532622"
"2018","D5","26","Duval","2010","2612585","BISTRO BISCOTTIS","1019 HENDRICKS AVE","JACKSONVILLE","Southside","32207","2682414","1","Food","Routine - Food","Warning Issued","05/02/2018","","","17","2","3","12","Y","1","1","1","0","0","0","0","2","0","2","0","0","0","1","0","0","0","0","0","0","2","1","1","1","2","0","0","0","0","0","1","0","0","0","0","0","0","0","0","0","0","0","0","0","0","0","0","0","0","0","0","0","1","0","0","0","2176873","6244330"
"2018","D5","26","Duval","2010","2612605","WAFFLE HOUSE #1289","334 BEACH BLVD","JACKSONVILLE BEACH","Beaches, Jacksonville's beaches","32250","2749344","2","Food","Routine - Food","Call Back - Complied","05/02/2018","","","1","0","1","0","Y","0","0","0","0","0","0","0","0","0","0","0","0","0","0","0","0","0","0","0","0","0","0","0","0","0","0","0","0","0","0","1","0","0","0","0","0","0","0","0","0","0","0","0","0","0","0","0","0","0","0","0","0","0","0","0","0","3979485","6536606"
"2018","D5","26","Duval","2010","2612910","WOK N ROLL","335 MARSH LANDING PKWY","JACKSONVILLE BEACH","Beaches, Jacksonville's beaches","32250","2754187","1","Food","Routine - Food","Inspection Completed - No Further Action","05/03/2018","","","13","4","2","7","Y","0","0","3","0","0","0","0","3","0","1","0","0","0","1","0","0","0","0","0","0","2","0","0","0","0","0","0","0","2","0","1","0","0","0","0","0","0","0","0","0","0","0","0","0","0","0","0","0","0","0","0","0","0","0","0","0","2177197","6443143"
"2018","D5","26","Duval","2010","2613016","WASABI SUSHI FANG","1650 SAN PABLO RD S #5","JACKSONVILLE","Southside","32224","2737696","2","Food","Routine - Food","Call Back - Complied","05/02/2018","","","4","0","0","4","Y","0","0","0","0","0","0","0","0","0","0","0","0","0","0","0","0","0","0","0","0","1","0","2","0","0","0","0","0","0","0","0","0","1","0","0","0","0","0","0","0","0","0","0","0","0","0","0","0","0","0","0","0","0","0","0","0","6325535","6536037"
"2018","D5","26","Duval","2010","2613291","BONO'S PIT BAR-B-Q","9820 SAN JOSE BLVD","JACKSONVILLE","Mandarin","32257","2743204","1","Food","Routine - Food","Inspection Completed - No Further Action","05/03/2018","","","9","0","2","7","Y","0","0","0","0","0","0","0","1","0","1","0","0","0","1","0","0","0","0","0","0","1","2","0","0","0","0","0","0","0","0","0","0","0","0","0","2","0","0","0","0","1","0","0","0","0","0","0","0","0","0","0","0","0","0","0","0","4320609","6400960"
"2018","D5","26","Duval","2010","2613316","ROYS","2400 S 3 ST #101","JACKSONVILLE","Beaches, Jacksonville's beaches","32250","2772869","3","Food","Complaint Full","Call Back - Admin. complaint recommended","05/03/2018","","","4","2","1","1","Y","1","0","1","0","0","0","0","0","0","0","0","0","0","1","0","0","0","0","0","0","0","0","0","0","0","0","0","0","0","0","0","0","0","0","1","0","0","0","0","0","0","0","0","0","0","0","0","0","0","0","0","0","0","0","0","0","5526614","6536644"
"2018","D5","26","Duval","2010","2613316","ROYS","2400 S 3 ST #101","JACKSONVILLE","Beaches, Jacksonville's beaches","32250","2772869","4","Food","Complaint Full","Call Back - Complied","05/04/2018","","","1","0","1","0","Y","1","0","0","0","0","0","0","0","0","0","0","0","0","0","0","0","0","0","0","0","0","0","0","0","0","0","0","0","0","0","0","0","0","0","0","0","0","0","0","0","0","0","0","0","0","0","0","0","0","0","0","0","0","0","0","0","5526614","6538254"
"2018","D5","26","Duval","2013","2613355","UP CATERING & EVENTS","1850 EMERSON ST","JACKSONVILLE","Southside","32207","1108584","1","Food","Routine - Food","Inspection Completed - No Further Action","05/02/2018","","","0","0","0","0","Y","0","0","0","0","0","0","0","0","0","0","0","0","0","0","0","0","0","0","0","0","0","0","0","0","0","0","0","0","0","0","0","0","0","0","0","0","0","0","0","0","0","0","0","0","0","0","0","0","0","0","0","0","0","0","0","0","6343623","6306283"
"2018","D5","26","Duval","2010","2613551","THE JENKS HOUSE BED & BREAKFAST INN","2804 POST ST","JACKSONVILLE","Westside","32205","2690725","1","Food","Routine - Food","Inspection Completed - No Further Action","05/03/2018","","","2","0","0","2","Y","0","1","0","0","0","0","0","0","0","0","0","0","0","1","0","0","0","0","0","0","0","0","0","0","0","0","0","0","0","0","0","0","0","0","0","0","0","0","0","0","0","0","0","0","0","0","0","0","0","0","0","0","0","0","0","0","2800261","6260384"
"2018","D5","26","Duval","2010","2613851","MOJO KITCHEN","1500 BEACH BLVD UNIT 111","JACKSONVILLE BEACH","Beaches, Jacksonville's beaches","32250","2692299","2","Food","Routine - Food","Call Back - Complied","05/02/2018","","","4","1","0","3","Y","0","0","1","0","0","0","0","0","0","0","0","0","0","1","0","0","0","0","0","0","0","0","0","0","0","0","0","0","1","0","0","0","0","0","0","1","0","0","0","0","0","0","0","0","0","0","0","0","0","0","0","0","0","0","0","0","3287685","6536759"
"2018","D5","26","Duval","2010","2614021","THE CAPITAL GRILLE #8029","5197 BIG ISLAND DR","JACKSONVILLE","Arlington, Southside","32246","2773228","1","Food","Complaint Full","Warning Issued","05/02/2018","","","12","5","1","6","Y","1","0","4","0","0","0","0","0","0","1","0","0","0","1","0","0","0","0","0","0","1","0","0","2","0","0","0","0","0","0","1","0","0","0","0","1","0","0","0","0","0","0","0","0","0","0","0","0","0","0","0","0","0","0","0","0","6274245","6534772"
"2018","D5","26","Duval","2010","2614091","DENNY'S #8008","13874 BEACH BLVD","JACKSONVILLE","Southside","32224","2706362","3","Food","Routine - Food","Call Back - Extension given, pending","05/02/2018","","","7","0","0","7","Y","0","0","0","0","0","0","0","0","0","0","0","0","0","3","0","0","0","0","0","0","0","0","1","0","0","0","0","0","0","0","0","0","0","0","0","3","0","0","0","0","0","0","0","0","0","0","0","0","0","0","0","0","0","0","0","0","5569383","6533438"
"2018","D5","26","Duval","2010","2614106","KING PINS BOWLING CENTER","5310 LENOX AVE","JACKSONVILLE","Westside","32205","2694855","1","Food","Routine - Food","Warning Issued","05/02/2018","","","7","0","3","4","Y","0","1","0","0","0","0","0","0","0","1","0","0","0","1","0","0","0","0","0","0","0","1","0","0","0","0","0","0","0","0","0","0","0","0","0","0","0","0","0","0","1","0","0","0","0","0","0","0","0","0","1","0","1","0","0","0","3665397","6267132"
"2018","D5","26","Duval","2010","2614142","ENZA'S ITALIAN RESTAURANT","10601 SAN JOSE BLVD STE 109","JACKSONVILLE","Mandarin","32257","2750682","2","Food","Routine - Food","Call Back - Admin. complaint recommended","05/04/2018","","","1","1","0","0","Y","0","0","1","0","0","0","0","0","0","0","0","0","0","0","0","0","0","0","0","0","0","0","0","0","0","0","0","0","0","0","0","0","0","0","0","0","0","0","0","0","0","0","0","0","0","0","0","0","0","0","0","0","0","0","0","0","3692847","6537544"
"2018","D5","26","Duval","2010","2614142","ENZA'S ITALIAN RESTAURANT","10601 SAN JOSE BLVD STE 109","JACKSONVILLE","Mandarin","32257","2750682","1","Food","Routine - Food","Warning Issued","05/02/2018","","","8","5","1","2","Y","2","0","2","0","0","0","0","1","0","0","0","0","1","0","0","0","0","0","0","0","1","0","0","0","0","0","0","0","0","0","0","0","0","0","0","0","0","0","0","0","1","0","0","0","0","0","0","0","0","0","0","0","0","0","0","0","3692847","6428713"
"2018","D5","26","Duval","2010","2614211","CARRABBA'S ITALIAN GRILL #6060","9965 SAN JOSE BLVD","JACKSONVILLE","Mandarin","32257","2745103","1","Food","Routine - Food","Inspection Completed - No Further Action","05/02/2018","","","11","3","2","6","Y","2","0","2","0","1","0","0","0","0","1","0","0","0","1","0","0","0","0","0","0","0","1","0","1","0","0","0","0","1","0","0","0","0","0","0","0","0","0","0","1","0","0","0","0","0","0","0","0","0","0","0","0","0","0","0","0","3757268","6408634"
"2018","D5","26","Duval","2010","2614301","RICE BOWL","13947 BEACH BLVD #110","JACKSONVILLE","Southside","32224","2715037","2","Food","Routine - Food","Call Back - Complied","05/03/2018","","","3","1","0","2","Y","0","0","0","0","0","0","0","0","0","0","0","1","0","0","0","0","0","0","0","0","0","0","1","0","0","0","0","0","1","0","0","0","0","0","0","0","0","0","0","0","0","0","0","0","0","0","0","0","0","0","0","0","0","0","0","0","5973267","6533707"
"2018","D5","26","Duval","2010","2614426","THE LOFT","925 KING ST","JACKSONVILLE","Westside","32204","2698433","1","Food","Routine - Food","Warning Issued","05/02/2018","","","11","2","2","7","Y","1","0","1","0","0","0","0","1","0","0","0","0","0","2","0","0","0","0","0","0","0","1","0","0","0","0","0","0","2","0","1","0","0","0","0","1","0","0","0","0","0","0","0","0","0","0","0","0","0","0","1","0","0","0","0","0","4073956","6272186"
"2018","D5","26","Duval","2010","2614426","THE LOFT","925 KING ST","JACKSONVILLE","Westside","32204","2698433","2","Food","Routine - Food","Call Back - Extension given, pending","05/03/2018","","","1","0","1","0","Y","0","0","0","0","0","0","0","0","0","0","0","0","0","1","0","0","0","0","0","0","0","0","0","0","0","0","0","0","0","0","0","0","0","0","0","0","0","0","0","0","0","0","0","0","0","0","0","0","0","0","0","0","0","0","0","0","4073956","6537546"
"2018","D5","26","Duval","2010","2614482","LITTLE CAESARS","13740 BEACH BLVD #111","JACKSONVILLE","Southside","32224","2709434","4","Food","Routine - Food","Call Back - Extension given, pending","05/02/2018","","","0","0","0","0","Y","0","0","0","0","0","0","0","0","0","0","0","0","0","0","0","0","0","0","0","0","0","0","0","0","0","0","0","0","0","0","0","0","0","0","0","0","0","0","0","0","0","0","0","0","0","0","0","0","0","0","0","0","0","0","0","0","6028838","6536761"
"2018","D5","26","Duval","2010","2614491","OHANA HAWAIIAN SHAVED ICE","469 -12 ATLANTIC BLVD","ATLANTIC BEACH","Beaches, Jacksonville's beaches","32233","2699565","3","Food","Routine - Food","Call Back - Complied","05/02/2018","","","0","0","0","0","Y","0","0","0","0","0","0","0","0","0","0","0","0","0","0","0","0","0","0","0","0","0","0","0","0","0","0","0","0","0","0","0","0","0","0","0","0","0","0","0","0","0","0","0","0","0","0","0","0","0","0","0","0","0","0","0","0","4185851","6492353"
"2018","D5","26","Duval","2010","2614511","SHA-GAREE'S SEAFOOD & MORE","1156 E 21 ST","JACKSONVILLE","Northside","32206","2735814","3","Food","Routine - Food","Emergency Order Callback Time Extension","05/03/2018","","","7","2","2","3","Y","0","0","0","0","0","0","0","0","0","0","0","0","0","0","0","0","0","0","0","0","0","1","0","0","0","0","0","0","1","0","0","0","0","0","0","2","0","1","0","0","0","0","0","0","0","0","0","0","0","1","0","0","1","0","0","0","4208483","6538250"
"2018","D5","26","Duval","2010","2614511","SHA-GAREE'S SEAFOOD & MORE","1156 E 21 ST","JACKSONVILLE","Northside","32206","2735814","2","Food","Routine - Food","Emergency Order Callback Not Complied","05/03/2018","","","8","3","2","3","Y","0","0","0","0","0","0","0","0","0","0","0","0","0","0","0","0","0","0","0","0","0","1","0","0","0","0","0","0","1","0","0","0","0","0","1","2","0","1","0","0","0","0","0","0","0","0","0","0","0","1","0","0","1","0","0","0","4208483","6537520"
"2018","D5","26","Duval","2010","2614511","SHA-GAREE'S SEAFOOD & MORE","1156 E 21 ST","JACKSONVILLE","Northside","32206","2699676","3","Food","Routine - Food","Admin. Complaint Callback Not Complied","05/02/2018","","","1","1","0","0","Y","0","0","0","0","0","0","0","0","0","0","0","0","0","0","0","0","0","0","0","0","0","0","0","0","0","0","0","0","0","0","0","0","0","0","0","0","0","0","0","0","0","0","0","0","0","0","0","0","0","1","0","0","0","0","0","0","4208483","6529579"
"2018","D5","26","Duval","2010","2614511","SHA-GAREE'S SEAFOOD & MORE","1156 E 21 ST","JACKSONVILLE","Northside","32206","2735814","1","Food","Routine - Food","Emergency order recommended","05/02/2018","","","10","3","2","5","Y","0","0","0","0","0","0","0","0","0","0","0","0","0","0","0","0","0","0","0","0","0","1","0","0","0","0","0","0","1","0","0","0","0","0","1","3","0","1","0","0","0","1","0","0","0","0","0","0","0","1","0","0","1","0","0","0","4208483","6367007"
"2018","D5","26","Duval","2010","2614519","GREAT WALL","12200 SAN JOSE BLVD STE 1","JACKSONVILLE","Mandarin","32223","2738843","2","Food","Routine - Food","Call Back - Complied","05/04/2018","","","1","0","1","0","Y","0","0","0","0","0","0","0","0","0","0","0","0","0","0","0","0","0","0","0","0","0","0","0","0","0","0","0","0","0","0","0","0","0","0","0","0","0","0","0","0","0","0","0","0","0","0","0","0","0","0","0","0","1","0","0","0","6739721","6538410"
"2018","D5","26","Duval","2010","2614519","GREAT WALL","12200 SAN JOSE BLVD STE 1","JACKSONVILLE","Mandarin","32223","2738843","1","Food","Routine - Food","Warning Issued","05/03/2018","","","12","5","4","3","Y","1","0","1","0","0","0","0","1","0","1","0","1","0","1","0","0","0","0","0","0","1","0","0","0","0","0","1","0","1","0","0","1","0","0","0","0","0","0","0","0","1","0","0","0","0","0","0","0","0","0","0","0","1","0","0","0","6739721","6378452"
"2018","D5","26","Duval","2010","2614578","RENNA'S PIZZA","592 MARSH LANDING PARKWAY","JACKSONVILLE BEACH","Beaches, Jacksonville's beaches","32250","2753688","1","Food","Routine - Food","Warning Issued","05/03/2018","","","14","5","4","5","Y","1","1","3","0","0","0","0","2","0","0","0","0","0","2","0","0","0","0","0","0","0","1","0","0","0","0","0","0","0","0","1","0","0","0","1","0","0","0","0","0","2","0","0","0","0","0","0","0","0","0","0","0","0","0","0","0","4287774","6441255"
"2018","D5","26","Duval","2010","2614614","WAFFLE HOUSE #1962","10401 ATLANTIC BLVD","JACKSONVILLE","Arlington","32225","2763579","1","Food","Routine - Food","Inspection Completed - No Further Action","05/03/2018","","","4","1","1","2","Y","0","0","0","0","0","0","0","0","0","0","0","0","0","0","0","0","0","0","0","0","0","0","0","1","0","0","0","0","0","0","0","0","1","0","0","0","0","0","0","0","1","0","0","0","0","0","0","0","0","0","0","0","1","0","0","0","4329626","6476450"
"2018","D5","26","Duval","2010","2614650","FIRST WATCH RESTAURANTS","544-4 MARSH LANDING PARKWAY","JACKSONVILLE BEACH","Beaches, Jacksonville's beaches","32250","2748372","1","Food","Routine - Food","Inspection Completed - No Further Action","05/03/2018","","","8","3","1","4","Y","0","0","2","0","0","0","0","0","0","1","0","2","0","0","0","0","0","0","0","0","0","0","0","0","0","0","1","0","0","0","0","0","0","0","0","1","0","0","0","1","0","0","0","0","0","0","0","0","0","0","0","0","0","0","0","0","4400549","6420808"
"2018","D5","26","Duval","2010","2614820","ZETA","131 N 1 AVE","JACKSONVILLE BEACH","Beaches, Jacksonville's beaches","32250","2747264","6","Food","Complaint Full","Admin. Complaint Callback Complied","05/03/2018","","","0","0","0","0","Y","0","0","0","0","0","0","0","0","0","0","0","0","0","0","0","0","0","0","0","0","0","0","0","0","0","0","0","0","0","0","0","0","0","0","0","0","0","0","0","0","0","0","0","0","0","0","0","0","0","0","0","0","0","0","0","0","5529963","6518410"
"2018","D5","26","Duval","2010","2614890","THE BRINKK RESTAURANT","45 KERNAN BOULEVARD","JACKSONVILLE","Arlington","32225","2705591","1","Food","Routine - Food","Warning Issued","05/02/2018","","","12","1","4","7","Y","0","0","0","0","0","0","0","1","0","0","0","0","0","1","0","0","0","0","0","0","0","2","2","0","1","0","0","0","1","0","2","0","0","0","0","0","0","0","0","0","0","0","0","0","0","0","0","0","0","0","1","0","1","0","0","0","5449433","6282623"
"2018","D5","26","Duval","2010","2615051","DUNKIN DONUTS","10379 ATLANTIC BLVD","JACKSONVILLE","Arlington","32225","2767480","3","Food","Complaint Full","Call Back - Complied","05/02/2018","","","1","0","0","1","Y","0","0","0","0","0","0","0","0","0","0","0","0","0","0","0","0","0","0","0","0","0","0","0","0","0","0","0","0","0","0","0","0","0","0","0","1","0","0","0","0","0","0","0","0","0","0","0","0","0","0","0","0","0","0","0","0","5876936","6502113"
"2018","D5","26","Duval","2010","2615073","TIMUQUANA COUNTRY CLUB / A LA CART'E","4028 TIMUQUANA RD","JACKSONVILLE","Westside","32210","2760363","1","Food","Routine - Food","Warning Issued","05/04/2018","","","19","3","3","13","Y","1","1","1","0","0","0","0","2","0","0","0","1","0","1","0","0","0","0","0","0","0","3","1","3","0","0","0","0","0","0","0","0","0","0","0","3","0","0","0","0","0","0","0","0","0","0","1","0","0","0","1","0","1","0","0","0","5866014","6464386"
"2018","D5","26","Duval","2010","2615088","SAKURA BUFFET","9764 ATLANTIC BLVD","JACKSONVILLE","Arlington","32225","2745530","3","Food","Routine - Food","Call Back - Complied","05/02/2018","","","3","0","0","3","Y","0","0","0","0","0","0","0","0","0","0","0","0","0","1","0","0","0","0","0","0","0","0","0","1","1","0","0","0","0","0","0","0","0","0","0","0","0","0","0","0","0","0","0","0","0","0","0","0","0","0","0","0","0","0","0","0","6852835","6499173"
"2018","D5","26","Duval","2010","2615104","TURNAROUND SOLUTIONS","9501 ARLINGTON EXPY FC5","JACKSONVILLE","Arlington","32225","2772375","1","Food","Routine - Food","Inspection Completed - No Further Action","05/02/2018","","","0","0","0","0","Y","0","0","0","0","0","0","0","0","0","0","0","0","0","0","0","0","0","0","0","0","0","0","0","0","0","0","0","0","0","0","0","0","0","0","0","0","0","0","0","0","0","0","0","0","0","0","0","0","0","0","0","0","0","0","0","0","6516069","6528531"
"2018","D5","26","Duval","2010","2615122","METRO DINER","9802 BAYMEADOWS DR","JACKSONVILLE","Southside","32256","2708914","7","Food","Routine - Food","Admin. Complaint Callback Complied","05/04/2018","","","0","0","0","0","Y","0","0","0","0","0","0","0","0","0","0","0","0","0","0","0","0","0","0","0","0","0","0","0","0","0","0","0","0","0","0","0","0","0","0","0","0","0","0","0","0","0","0","0","0","0","0","0","0","0","0","0","0","0","0","0","0","5940262","6535404"
"2018","D5","26","Duval","2010","2615151","M SHACK","1012 MARGARET STREET","JACKSONVILLE","Westside","32204","2742962","1","Food","Routine - Food","Inspection Completed - No Further Action","05/03/2018","","","7","1","4","2","Y","0","0","0","0","0","0","0","1","0","1","0","0","0","0","0","1","0","0","0","0","0","2","0","0","0","0","0","0","1","0","0","0","0","0","0","0","0","0","0","0","1","0","0","0","0","0","0","0","0","0","0","0","0","0","0","0","5995199","6399948"
"2018","D5","26","Duval","2010","2615192","ACHIEVE CULINARY ENLIGHTENMENT","1850 EMERSON ST","JACKSONVILLE","Southside","32207","2723787","1","Food","Routine - Food","Inspection Completed - No Further Action","05/02/2018","","","0","0","0","0","Y","0","0","0","0","0","0","0","0","0","0","0","0","0","0","0","0","0","0","0","0","0","0","0","0","0","0","0","0","0","0","0","0","0","0","0","0","0","0","0","0","0","0","0","0","0","0","0","0","0","0","0","0","0","0","0","0","6158501","6311247"
"2018","D5","26","Duval","2010","2615200","BREW FIVE POINTS","1024 PARK ST","JACKSONVILLE","Westside","32204","2738522","1","Food","Routine - Food","Warning Issued","05/02/2018","","","12","2","4","6","Y","0","0","2","0","0","0","0","0","0","0","0","2","1","0","0","0","0","0","0","0","0","1","0","0","1","0","0","0","0","0","3","0","0","0","0","0","0","0","0","1","0","0","0","0","0","0","0","0","0","0","0","0","1","0","0","0","6162111","6377518"
"2018","D5","26","Duval","2010","2615241","ROOT DOWN","1034 PARK ST","JACKSONVILLE","Westside","32204","2723023","1","Food","Routine - Food","Inspection Completed - No Further Action","05/02/2018","","","6","0","3","3","Y","0","0","0","0","0","0","0","1","0","0","0","0","0","0","0","0","0","0","0","0","0","2","0","0","1","0","0","0","0","0","0","0","1","0","0","0","0","0","0","0","1","0","0","0","0","0","0","0","0","0","0","0","0","0","0","0","5679270","6310010"
"2018","D5","26","Duval","2010","2615323","CANTINA 301","8771 US HWY 301 S","JACKSONVILLE","Northside, Westside","32234","2730044","5","Food","Routine - Food","Call Back - Extension given, pending","05/04/2018","","","2","0","1","1","Y","0","0","0","0","0","0","0","0","0","0","0","0","0","1","0","0","0","0","0","0","0","0","0","0","0","0","0","0","0","0","0","0","0","0","0","0","0","0","0","0","0","0","0","0","0","0","0","0","0","0","1","0","0","0","0","0","6768376","6514341"
"2018","D5","26","Duval","2010","2615323","CANTINA 301","8771 US HWY 301 S","JACKSONVILLE","Northside, Westside","32234","2753793","1","Food","Routine - Food","Inspection Completed - No Further Action","05/04/2018","","","14","1","3","10","Y","0","0","0","0","0","0","0","2","0","2","0","0","1","2","0","0","0","0","0","0","2","0","0","1","0","0","0","0","0","0","1","0","0","0","0","1","0","1","0","0","0","0","0","0","0","0","0","0","0","0","1","0","0","0","0","0","6768376","6441373"
"2018","D5","26","Duval","2010","2615340","HAWKERS NEPTUNE BEACH","241 ATLANTIC BOULEVARD","JACKSONVILLE","Beaches, Jacksonville's beaches","32233","2773536","1","Food","Complaint Full","Warning Issued","05/04/2018","","","19","8","4","7","Y","1","0","5","0","1","0","0","2","0","1","0","0","0","1","0","0","0","0","0","0","2","2","1","0","0","0","0","0","1","0","2","0","0","0","0","0","0","0","0","0","0","0","0","0","0","0","0","0","0","0","0","0","0","0","0","0","6452737","6537449"
"2018","D5","26","Duval","2010","2615400","MAGIC ICECREAM ROLL","2728 PARK ST","JACKSONVILLE","Westside","32205","2724966","1","Food","Routine - Food","Inspection Completed - No Further Action","05/03/2018","","","7","0","3","4","Y","0","0","0","0","1","0","0","0","0","0","0","0","0","0","0","0","0","0","0","0","0","1","0","0","1","0","0","0","0","0","1","0","1","0","0","0","0","0","0","0","1","0","0","0","0","0","0","0","0","0","1","0","0","0","0","0","6572280","6313190"
"2018","D5","26","Duval","2010","2615419","TAZIKIS MEDITERRANEAN CAFE","14035 BEACH BLVD SUITE 8","JACKSONVILLE","Beaches, Jacksonville's beaches","32250","2773337","1","Food","Complaint Full","Warning Issued","05/02/2018","","","10","6","3","1","Y","1","0","3","0","0","0","0","0","0","0","0","2","1","0","0","0","0","0","0","0","0","1","0","0","0","0","0","0","0","0","0","0","0","0","0","0","0","0","0","0","1","0","0","0","0","0","0","0","0","0","0","0","1","0","0","0","6532248","6535715"
"2018","D5","26","Duval","2010","2615481","PALMS FISH CAMP","6359 HECKSCHER DR","JACKSONVILLE","Northside","32226","2755514","1","Food","Routine - Food","Warning Issued","05/03/2018","","","17","4","1","12","Y","0","0","2","0","0","0","0","0","0","0","0","2","2","3","0","1","0","0","0","0","2","2","0","0","0","0","0","0","0","0","1","0","0","0","0","1","0","0","0","1","0","0","0","0","0","0","0","0","0","0","0","0","0","0","0","0","6751064","6447545"
"2018","D5","26","Duval","2010","2615513","GRAFFITI JUNKTION 15","9703 SAN JOSE BLVD","JACKSONVILLE","Mandarin","32257","2740542","1","Food","Routine - Food","Warning Issued","05/04/2018","","","12","4","3","5","Y","0","2","0","0","1","0","0","0","0","0","0","0","0","2","0","0","0","0","0","0","0","1","0","0","0","0","0","1","1","0","0","0","0","0","1","0","0","0","0","0","0","0","0","0","0","0","0","0","0","0","1","0","2","0","0","0","6698564","6385935"
"2018","D5","26","Duval","2010","2615579","DELIVER ME LEAN","1850 EMERSON ST","JACKSONVILLE","Southside","32207","2771775","1","Food","Food-Licensing Inspection","Inspection Completed - No Further Action","05/02/2018","","","1","0","1","0","Y","0","0","0","0","1","0","0","0","0","0","0","0","0","0","0","0","0","0","0","0","0","0","0","0","0","0","0","0","0","0","0","0","0","0","0","0","0","0","0","0","0","0","0","0","0","0","0","0","0","0","0","0","0","0","0","0","6942352","6524013"
"2018","D5","26","Duval","2010","2615602","BAMBINO SCOOPS","2771 MONUMENT RD  STE 36","JACKSONVILLE","Arlington","32225","2756987","1","Food","Food-Licensing Inspection","Inspection Completed - No Further Action","05/03/2018","","","6","0","2","4","Y","0","0","0","0","1","0","0","0","0","0","0","0","0","0","0","1","0","0","0","0","0","0","0","0","0","0","0","0","0","0","1","1","0","0","1","0","0","0","0","0","0","0","0","0","0","0","0","0","0","0","1","0","0","0","0","0","6887367","6452647"
"2018","D5","26","Duval","2014","2651380","LA PERLA MEXICAN AMERICAN FOOD","8985 NORMANDY BLVD LOT 32","JACKSONVILLE","Westside","32221","1200683","1","Food","Routine - Food","Inspection Completed - No Further Action","05/04/2018","","","10","5","3","2","Y","0","1","3","0","0","0","0","1","0","0","0","1","0","1","0","0","0","0","0","0","0","0","0","0","0","0","0","0","0","0","1","0","0","0","1","0","0","0","0","0","0","0","0","0","0","0","0","0","0","0","1","0","0","0","0","0","6286364","6428457"
"2018","D5","26","Duval","2014","2651561","SEAWEEDS MAINE LOBSTER ROLLS","3640 NEWCOMB RD","JACKSONVILLE","Northside","32218","1196553","1","Food","Routine - Food","Inspection Completed - No Further Action","05/04/2018","","","2","1","0","1","Y","0","0","0","0","0","0","0","0","0","0","0","0","0","0","0","0","0","0","0","0","0","0","0","0","0","0","0","0","0","0","0","0","0","0","0","0","0","0","0","0","1","0","0","0","0","0","0","0","0","1","0","0","0","0","0","0","5893867","6291879"
"2018","D5","26","Duval","2014","2651575","MR ED'S BAR B QUE","5426 BLANDING BLVD","JACKSONVILLE","Westside","32244","1199946","1","Food","Routine - Food","Emergency order recommended","05/04/2018","","","16","5","5","6","Y","0","0","2","0","1","0","0","0","0","0","0","1","0","1","0","1","0","0","0","0","0","0","0","0","1","0","1","0","0","0","1","0","0","0","1","1","0","0","0","0","0","0","0","0","0","0","0","0","0","2","1","0","2","0","0","0","6685814","6383190"
"2018","D5","26","Duval","2014","2651692","XTEAK ON WHEELS","4901 SUNBEAM RD #420","JACKSONVILLE","Mandarin","32257","1200605","1","Food","Routine - Food","Inspection Completed - No Further Action","05/02/2018","","","2","1","0","1","Y","0","0","1","0","0","0","0","0","0","0","0","0","0","0","0","1","0","0","0","0","0","0","0","0","0","0","0","0","0","0","0","0","0","0","0","0","0","0","0","0","0","0","0","0","0","0","0","0","0","0","0","0","0","0","0","0","6405017","6424799"
"2018","D5","26","Duval","2014","2651739","SHOCZ MOBILE KITCHEN & CATERING","4091 ANDERSON WOODS COURT","JACKSONVILLE","Northside","32218","1199981","1","Food","Routine - Food","Inspection Completed - No Further Action","05/03/2018","","","14","3","1","10","Y","0","0","1","0","0","0","0","0","0","2","0","1","0","1","0","0","0","0","0","0","3","2","1","1","0","0","0","0","0","0","0","0","0","0","1","0","0","1","0","0","0","0","0","0","0","0","0","0","0","0","0","0","0","0","0","0","6562483","6384979"
"2018","D5","26","Duval","2014","2651784","JOSIE'S LATIN FUSION","5960 RICHARD RD","JACKSONVILLE","Southside","32216","1198345","1","Food","Routine - Food","Warning Issued","05/02/2018","","","6","2","3","1","Y","1","2","1","0","0","0","0","0","0","0","0","0","0","0","0","0","0","0","0","0","0","0","0","0","0","0","0","0","0","0","0","0","0","0","0","0","0","0","0","0","0","0","0","0","0","0","0","0","0","1","0","0","1","0","0","0","6690199","6310389"
"2018","D5","28","Flagler","2010","2800778","MOONRISE BREWING COMPANY","101 PALM HARBOR PKWY  STE 123","PALM COAST","","32137","2761480","1","Food","Routine - Food","Warning Issued","12/20/2018","","","4","1","2","1","N","0","0","0","0","0","0","0","0","0","0","0","0","0","0","0","0","0","0","0","0","0","0","0","0","0","0","1","0","0","0","2","0","0","0","0","0","0","0","0","0","0","0","0","0","0","0","0","0","0","1","0","0","0","0","0","0","6903106","6468503"
"2018","D5","52","Marion","2010","5201287","CHINA WOK","11352 N WILLIAMS ST","DUNNELLON","","34432","2771137","2","Food","Complaint Full","Call Back - Complied","05/04/2018","","","0","0","0","0","Y","0","0","0","0","0","0","0","0","0","0","0","0","0","0","0","0","0","0","0","0","0","0","0","0","0","0","0","0","0","0","0","0","0","0","0","0","0","0","0","0","0","0","0","0","0","0","0","0","0","0","0","0","0","0","0","0","3929923","6529337"
"2018","D5","52","Marion","2010","5202124","CITRUS AVENUE GRILL & DELI","20430 E PENNSYLVANIA AVE","DUNNELLON","","34432","2751095","1","Food","Routine - Food","Inspection Completed - No Further Action","05/04/2018","","","15","0","3","12","Y","0","2","0","0","0","1","0","1","0","0","0","1","0","3","0","0","0","0","0","0","0","1","1","0","0","0","1","0","1","0","1","0","0","0","0","1","0","0","0","1","0","0","0","0","0","0","0","0","0","0","0","0","0","0","0","0","5283044","6431162"
"2018","D5","52","Marion","2010","5202491","PURPLE SAGE CAFE","20359 E PENNSYLVANIA AVENUE SUITE B","DUNNELLON","","34432","2751797","1","Food","Routine - Food","Inspection Completed - No Further Action","05/04/2018","","","3","2","0","1","Y","0","0","0","0","0","0","0","0","0","0","0","0","0","1","0","0","0","0","0","0","0","1","0","0","0","0","0","0","0","0","0","0","0","0","0","0","0","0","0","0","1","0","0","0","0","0","0","0","0","0","0","0","0","0","0","0","5464972","6434032"
"2018","D5","52","Marion","2010","5202611","CHINA HOUSE","11150 N WILLIAMS ST UNIT 103","DUNNELLON","","34432","2773410","1","Food","Food-Licensing Inspection","Inspection Completed - No Further Action","05/04/2018","","","10","1","1","8","Y","0","0","0","0","0","0","0","2","0","0","0","1","0","1","0","1","0","0","0","0","1","1","1","1","0","0","0","0","0","0","0","0","0","0","0","1","0","0","0","0","0","0","0","0","0","0","0","0","0","0","0","0","0","0","0","0","7005376","6536153"
"2018","D5","52","Marion","2010","5202733","THE BLUE GATOR OF DUNNELLON","12189 S WILLIAMS STREET","DUNNELLON","","34432","2754549","2","Food","Routine - Food","Call Back - Complied","05/04/2018","","","1","0","0","1","Y","0","0","0","0","0","0","0","0","0","0","0","0","0","1","0","0","0","0","0","0","0","0","0","0","0","0","0","0","0","0","0","0","0","0","0","0","0","0","0","0","0","0","0","0","0","0","0","0","0","0","0","0","0","0","0","0","4041935","6529802"
"2018","D5","52","Marion","2014","5250590","MRDL JRS BBQ INC","3453 NE 12 ST","OCALA","","34470","1201172","1","Food","Routine - Food","Inspection Completed - No Further Action","05/04/2018","","","0","0","0","0","Y","0","0","0","0","0","0","0","0","0","0","0","0","0","0","0","0","0","0","0","0","0","0","0","0","0","0","0","0","0","0","0","0","0","0","0","0","0","0","0","0","0","0","0","0","0","0","0","0","0","0","0","0","0","0","0","0","5802082","6452502"
"2018","D5","52","Marion","2014","5250675","SMOKEY'S REAL GRILL BARBEQUE","1606 NE 17TH TERR","OCALA","","34470","1201058","1","Food","Routine - Food","Inspection Completed - No Further Action","05/04/2018","","","1","0","1","0","Y","0","0","0","0","0","0","0","0","0","0","0","0","0","0","0","1","0","0","0","0","0","0","0","0","0","0","0","0","0","0","0","0","0","0","0","0","0","0","0","0","0","0","0","0","0","0","0","0","0","0","0","0","0","0","0","0","6618739","6447551"
"2018","D5","55","Nassau","2010","5500930","CHINA ONE","96112 LOFTON SQ CT #400","YULEE","Nassau County","32097","2740026","2","Food","Routine - Food","Call Back - Complied","05/02/2018","","","4","0","2","2","Y","0","0","0","0","0","0","0","0","0","0","0","0","0","0","0","0","0","0","0","0","0","1","1","0","1","0","1","0","0","0","0","0","0","0","0","0","0","0","0","0","0","0","0","0","0","0","0","0","0","0","0","0","0","0","0","0","3606571","6497239"
"2018","D5","55","Nassau","2010","5500948","SLIDERS SEASIDE GRILL","1998 S FLETCHER AVE","FERNANDINA BEACH","Nassau County","32034","2772521","1","Food","Food-Licensing Inspection","Inspection Completed - No Further Action","05/02/2018","","","15","1","3","11","Y","0","1","1","0","0","0","0","1","0","0","0","0","0","2","0","1","0","0","0","0","0","1","0","2","0","0","1","0","1","0","0","0","0","0","0","2","0","0","0","0","1","0","0","0","0","0","0","0","0","0","1","0","0","0","0","0","6979581","6529528"
"2018","D5","55","Nassau","2010","5500966","BEACH DINER","2006 S 8 ST","FERNANDINA BEACH","Nassau County","32034","2743006","2","Food","Routine - Food","Call Back - Extension given, pending","05/02/2018","","","2","0","1","1","Y","0","0","0","0","0","0","0","0","0","0","0","0","0","0","0","0","0","0","0","0","0","0","1","0","0","0","0","0","0","0","0","0","0","0","0","0","0","0","0","0","0","0","0","0","0","0","0","0","0","0","1","0","0","0","0","0","6129283","6515119"
"2018","D5","55","Nassau","2010","5501150","STATE LINE BARBECUE COMPANY","2020 SADLER RD","FERNANDINA BEACH","Nassau County","32034","2751851","1","Food","Routine - Food","Inspection Completed - No Further Action","05/02/2018","","","8","1","3","4","Y","0","1","0","0","0","0","0","0","0","0","0","0","0","1","0","0","0","0","0","0","1","2","0","0","0","0","0","0","0","0","0","1","0","0","0","1","0","0","0","0","1","0","0","0","0","0","0","1","0","0","0","0","0","0","0","0","6705112","6434097"
"2018","D5","64","Putnam","2010","6400104","PORKY'S LANDING","120 GEORGETOWN LANDNG RD","GEORGETOWN","","32139","2752501","1","Food","Routine - Food","Warning Issued","05/02/2018","","","10","2","1","7","Y","0","0","1","0","0","0","0","2","0","0","0","0","0","0","0","0","0","0","0","0","1","0","0","0","1","0","0","0","1","0","0","1","0","0","0","0","0","1","0","1","0","0","0","0","0","0","0","0","0","0","0","0","1","0","0","0","2244934","6436582"
"2018","D5","64","Putnam","2010","6400125","TONI'S SOULFOOD BISTRO","2318 CRILL AVE","PALATKA","","32177","2771914","4","Food","Complaint Full","Call Back - Admin. complaint recommended","05/03/2018","","","2","1","1","0","Y","0","0","0","0","0","0","0","0","0","0","0","0","0","0","0","0","0","0","0","0","0","1","0","0","0","0","0","0","0","0","0","0","0","0","0","0","0","0","0","0","0","0","0","0","0","0","0","0","0","0","0","0","1","0","0","0","6846853","6533705"
"2018","D5","64","Putnam","2010","6400241","VICK'S SUPPER CLUB","207 N 18 ST","PALATKA","","32177","2748304","2","Food","Routine - Food","Call Back - Complied","05/02/2018","","","2","0","0","2","Y","0","0","0","0","0","0","0","0","0","0","0","0","0","0","0","0","0","0","0","0","0","0","0","0","0","0","0","0","0","0","0","0","0","0","1","1","0","0","0","0","0","0","0","0","0","0","0","0","0","0","0","0","0","0","0","0","2245007","6535518"
"2018","D5","64","Putnam","2010","6400533","SUBWAY OF PALATKA","201 REID ST","PALATKA","","32177","2743045","1","Food","Routine - Food","Inspection Completed - No Further Action","05/04/2018","","","5","0","3","2","Y","0","0","0","0","0","0","0","0","0","0","0","0","0","0","0","0","0","0","0","0","0","0","0","1","0","0","0","0","0","0","2","0","0","0","0","0","0","0","0","1","0","0","0","0","0","1","0","0","0","0","0","0","1","0","0","0","6833474","6400049"
"2018","D5","64","Putnam","2010","6400587","THE RIVER PUB ITALIAN GRILLE","1148 HWY 309","FRUITLAND","","32112","2752828","2","Food","Routine - Food","Call Back - Complied","05/02/2018","","","1","0","0","1","Y","0","0","0","0","0","0","0","0","0","0","0","0","0","1","0","0","0","0","0","0","0","0","0","0","0","0","0","0","0","0","0","0","0","0","0","0","0","0","0","0","0","0","0","0","0","0","0","0","0","0","0","0","0","0","0","0","2434462","6533478"
"2018","D5","64","Putnam","2010","6400805","SHRIMP 'R' US & MORE","765 3 AVE","WELAKA","","32193","2736624","2","Food","Routine - Food","Call Back - Complied","05/02/2018","","","3","1","0","2","Y","0","0","0","0","0","0","0","0","0","0","0","0","0","1","0","0","0","0","0","0","0","0","0","0","0","0","0","0","0","0","0","0","0","0","1","0","0","1","0","0","0","0","0","0","0","0","0","0","0","0","0","0","0","0","0","0","3489012","6533363"
"2018","D5","64","Putnam","2010","6400834","LARRY'S GIANT SUBS","700 S PALM AVE","PALATKA","","32177","2754585","1","Food","Routine - Food","Warning Issued","05/04/2018","","","9","3","4","2","Y","1","0","1","0","1","0","0","0","0","0","0","1","0","0","0","1","0","0","0","0","1","0","0","0","1","0","0","0","0","0","1","0","0","0","1","0","0","0","0","0","0","0","0","0","0","0","0","0","0","0","0","0","1","0","0","0","5232336","6444386"
"2018","D5","64","Putnam","2010","6400851","SHELL'S","413 ELM ST","WELAKA","","32193","2740776","2","Food","Routine - Food","Call Back - Complied","05/03/2018","","","1","0","0","1","Y","0","0","0","0","0","0","0","0","0","0","0","0","0","1","0","0","0","0","0","0","0","0","0","0","0","0","0","0","0","0","0","0","0","0","0","0","0","0","0","0","0","0","0","0","0","0","0","0","0","0","0","0","0","0","0","0","6809770","6537469"
"2018","D5","64","Putnam","2010","6400851","SHELL'S","413 ELM ST","WELAKA","","32193","2740776","1","Food","Routine - Food","Warning Issued","05/02/2018","","","11","1","3","7","Y","0","1","0","0","1","1","0","1","0","0","0","0","0","1","0","0","0","0","0","0","0","0","0","0","0","0","0","0","0","0","3","0","0","0","1","0","0","0","0","1","0","0","0","0","0","0","0","0","0","0","1","0","0","0","0","0","6809770","6387523"
"2018","D5","64","Putnam","2010","6400855","THE MAGNOLIA CAFE OF PALATKA","705 ST JOHNS AVE","PALATKA","","32177","2750007","1","Food","Routine - Food","Warning Issued","05/03/2018","","","9","3","3","3","Y","0","2","1","0","0","0","0","2","0","0","0","1","0","0","0","0","0","0","0","0","0","0","0","0","0","0","0","0","0","0","1","0","0","0","1","0","0","0","0","0","0","0","0","0","0","0","0","0","0","0","1","0","0","0","0","0","6546390","6426557"
"2018","D5","64","Putnam","2010","6400855","THE MAGNOLIA CAFE OF PALATKA","705 ST JOHNS AVE","PALATKA","","32177","2750007","2","Food","Routine - Food","Call Back - Extension given, pending","05/04/2018","","","1","0","1","0","Y","0","0","0","0","0","0","0","0","0","0","0","0","0","0","0","0","0","0","0","0","0","0","0","0","0","0","0","0","0","0","1","0","0","0","0","0","0","0","0","0","0","0","0","0","0","0","0","0","0","0","0","0","0","0","0","0","6546390","6538187"
"2018","D5","65","St. Johns","2010","6501179","BLACKFLY THE RESTAURANT","108 ANASTASIA BLVD","ST AUGUSTINE","St. Johns County, Northwest St. Johns County","32080","2703630","1","Food","Routine - Food","Warning Issued","05/02/2018","","","9","1","2","6","Y","1","0","1","0","0","0","0","0","0","0","0","1","1","0","0","0","0","0","0","0","0","0","0","1","0","0","0","0","0","0","1","2","0","0","0","0","0","0","0","1","0","0","0","0","0","0","0","0","0","0","0","0","0","0","0","0","5345251","6279765"
"2018","D5","65","St. Johns","2010","6501323","SUBWAY SANDWICHES","2195 SR 16","ST AUGUSTINE","St. Johns County, Northwest St. Johns County","32095","2689493","2","Food","Routine - Food","Call Back - Complied","05/02/2018","","","0","0","0","0","Y","0","0","0","0","0","0","0","0","0","0","0","0","0","0","0","0","0","0","0","0","0","0","0","0","0","0","0","0","0","0","0","0","0","0","0","0","0","0","0","0","0","0","0","0","0","0","0","0","0","0","0","0","0","0","0","0","2246198","6536572"
"2018","D5","65","St. Johns","2010","6501531","LITTLE MARGIE'S FA CAFE","303 A1A BEACH BLVD","ST AUGUSTINE","St. Johns County, Northwest St. Johns County","32080","2759936","2","Food","Routine - Food","Call Back - Extension given, pending","05/04/2018","","","5","0","2","3","Y","0","0","0","0","0","0","0","1","0","0","0","0","0","1","0","0","0","0","0","0","0","0","0","0","0","0","0","0","0","0","0","0","0","0","1","0","0","0","0","0","0","0","0","0","0","0","0","0","0","0","1","0","1","0","0","0","2246402","6537373"
"2018","D5","65","St. Johns","2010","6501531","LITTLE MARGIE'S FA CAFE","303 A1A BEACH BLVD","ST AUGUSTINE","St. Johns County, Northwest St. Johns County","32080","2759936","1","Food","Routine - Food","Warning Issued","05/02/2018","","","13","3","4","6","Y","2","2","0","0","0","0","0","2","0","1","0","0","0","1","0","0","0","0","0","0","0","0","0","0","0","0","0","0","1","0","0","0","0","0","2","0","0","0","0","0","0","0","0","0","0","0","0","0","0","0","1","0","1","0","0","0","2246402","6463405"
"2018","D5","65","St. Johns","2013","6501534","BY DESIGN CATERING","900F ANASTASIA BLVD","ST AUGUSTINE","St. Johns County, Northwest St. Johns County","32080","1108168","1","Food","Routine - Food","Inspection Completed - No Further Action","05/02/2018","","","3","1","0","2","Y","0","1","0","0","0","0","0","1","0","0","0","0","0","0","0","0","0","0","0","0","0","0","0","0","0","0","0","0","0","0","0","0","0","0","1","0","0","0","0","0","0","0","0","0","0","0","0","0","0","0","0","0","0","0","0","0","5704510","6286764"
"2018","D5","65","St. Johns","2010","6501783","CINO'S PIZZA","425 W TOWN PLACE STE 114","ST AUGUSTINE","St. Johns County, Northwest St. Johns County","32092","2773506","1","Food","Food-Licensing Inspection","Inspection Completed - No Further Action","05/02/2018","","","1","0","1","0","Y","0","0","0","0","1","0","0","0","0","0","0","0","0","0","0","0","0","0","0","0","0","0","0","0","0","0","0","0","0","0","0","0","0","0","0","0","0","0","0","0","0","0","0","0","0","0","0","0","0","0","0","0","0","0","0","0","6964487","6536905"
"2018","D5","65","St. Johns","2010","6501844","MOON DOG PIE HOUSE","116 BARTRAM OAKS WALK #105","ST. JOHNS","St. Johns County, Northwest St. Johns County","32259","2764443","2","Food","Routine - Food","Call Back - Complied","05/03/2018","","","1","0","1","0","Y","0","0","0","0","0","0","0","0","0","0","0","0","0","0","0","0","0","0","0","0","0","0","0","0","0","0","0","0","0","0","0","0","0","0","0","0","0","0","0","0","0","0","0","0","0","0","0","0","0","0","0","0","1","0","0","0","6269561","6532473"
"2018","D5","65","St. Johns","2010","6501929","TANK'S SUSHI BISTRO","46 TUSCAN WAY STE 303","ST AUGUSTINE","St. Johns County, Northwest St. Johns County","32092","2740349","1","Food","Routine - Food","Inspection Completed - No Further Action","05/02/2018","","","12","2","2","8","Y","0","0","1","0","0","0","0","2","0","3","0","1","0","1","0","0","0","0","0","0","1","1","1","0","0","0","0","0","0","0","1","0","0","0","0","0","0","0","0","0","0","0","0","0","0","0","0","0","0","0","0","0","0","0","0","0","6672402","6384989"
"2018","D5","65","St. Johns","2010","6501947","MULLIGANS PUB","43 PGA TOUR BOULEVARD","PONTE VEDRA BEACH","Beaches, Ponte Vedra, St. Johns County","32082","2749833","1","Food","Routine - Food","Warning Issued","05/03/2018","","","9","3","1","5","Y","1","0","3","0","0","0","0","2","0","1","0","0","0","1","0","0","0","0","0","0","0","0","0","0","0","0","0","0","1","0","0","0","0","0","0","0","0","0","0","0","0","0","0","0","0","0","0","0","0","0","0","0","0","0","0","0","4323816","6426361"
"2018","D5","65","St. Johns","2010","6501976","HOLIDAY INN EXPRESS & SUITES ST AUGUSTINE NORTH","2300 SR 16","ST AUGUSTINE","St. Johns County, Northwest St. Johns County","32084","2699651","1","Food","Routine - Food","Inspection Completed - No Further Action","05/02/2018","","","1","0","0","1","Y","0","0","0","0","0","0","0","0","0","0","0","0","0","0","0","0","0","0","0","0","0","0","0","0","1","0","0","0","0","0","0","0","0","0","0","0","0","0","0","0","0","0","0","0","0","0","0","0","0","0","0","0","0","0","0","0","4204857","6273879"
"2018","D5","65","St. Johns","2010","6502148","OLD CITY MKT","604 ANASTASIA BLVD","ST AUGUSTINE","St. Johns County, Northwest St. Johns County","32080","2751214","1","Food","Routine - Food","Inspection Completed - No Further Action","05/02/2018","","","3","1","1","1","Y","0","0","1","0","0","0","0","0","0","0","0","0","0","0","0","0","0","0","0","0","0","0","0","0","0","0","0","0","1","0","1","0","0","0","0","0","0","0","0","0","0","0","0","0","0","0","0","0","0","0","0","0","0","0","0","0","6743267","6431306"
"2018","D5","65","St. Johns","2010","6502155","RENAISSANCE RESORT COFFEE SHOP","500 S LEGACY TRL","ST AUGUSTINE","St. Johns County, Northwest St. Johns County","32092","2712809","1","Food","Routine - Food","Inspection Completed - No Further Action","05/02/2018","","","6","2","2","2","Y","0","0","1","0","0","0","0","1","0","0","0","0","0","1","0","0","0","0","0","0","0","0","0","0","0","0","0","0","0","0","1","0","0","0","0","0","0","1","0","0","1","0","0","0","0","0","0","0","0","0","0","0","0","0","0","0","6015140","6293776"
"2018","D5","65","St. Johns","2010","6502199","PAPA MURPHY'S PIZZA FL072","965 SR 16 #101","ST AUGUSTINE","St. Johns County, Northwest St. Johns County","32084","2720925","1","Food","Routine - Food","Warning Issued","05/02/2018","","","5","2","3","0","Y","0","0","1","0","0","0","0","0","0","0","0","0","0","1","0","0","0","0","0","0","0","0","0","0","0","0","0","0","0","0","0","0","0","0","0","0","0","0","0","0","2","0","0","0","0","0","0","0","0","0","0","0","1","0","0","0","6373488","6306557"
"2018","D5","65","St. Johns","2010","6502232","LA TAZA COFFEE SHOP","3915 A1A S, STE 103","ST AUGUSTINE","St. Johns County, Northwest St. Johns County","32080","2733178","1","Food","Routine - Food","Inspection Completed - No Further Action","05/04/2018","","","4","1","1","2","Y","0","0","0","0","0","0","0","0","0","0","0","1","0","0","0","0","0","0","0","0","0","0","0","0","0","0","0","0","0","0","1","0","0","0","0","0","0","0","0","1","1","0","0","0","0","0","0","0","0","0","0","0","0","0","0","0","6601288","6354646"
"2018","D5","65","St. Johns","2014","6550173","COUNTY ROAD PROVISIONS","279 ST GEORGE ST","ST AUGUSTINE","St. Johns County, Northwest St. Johns County","32084","1201573","1","Food","Routine - Food","Inspection Completed - No Further Action","05/04/2018","","","2","0","1","1","Y","0","0","0","0","0","0","0","0","0","0","0","0","0","0","0","0","0","0","0","0","0","0","0","0","0","0","0","0","0","0","1","0","0","0","1","0","0","0","0","0","0","0","0","0","0","0","0","0","0","0","0","0","0","0","0","0","6626300","6478651"
"2018","D5","65","St. Johns","2014","6550180","THE BULLET","50 FULLERWOOD DR","ST AUGUSTINE","St. Johns County, Northwest St. Johns County","32084","1199928","1","Food","Routine - Food","Warning Issued","05/04/2018","","","5","1","3","1","Y","0","1","1","0","0","0","0","0","0","0","0","1","0","0","0","0","0","0","0","0","0","0","0","0","0","0","0","0","0","0","1","0","0","0","0","0","0","0","0","0","0","0","0","0","0","0","0","0","0","0","0","0","1","0","0","0","6799962","6382052"
"2018","D5","71","Suwannee","2010","7100072","BROWN LANTERN RESTAURANT","417 E HOWARD ST","LIVE OAK","","32060","2754503","1","Food","Routine - Food","Warning Issued","05/03/2018","","","12","3","4","5","Y","1","2","1","0","0","0","0","0","0","0","0","1","1","0","0","1","0","0","0","0","0","2","1","0","0","0","0","0","0","0","0","0","0","0","0","1","0","0","0","0","1","0","0","0","0","0","0","0","0","0","0","0","0","0","0","0","2252411","6444296"
"2018","D5","71","Suwannee","2010","7100336","MOE'S SOUTHWEST GRILL","10549 SUWANNEE PLAZA LANE","LIVE OAK","","32060","2754666","1","Food","Routine - Food","Inspection Completed - No Further Action","05/03/2018","","","12","2","3","7","Y","1","0","0","0","0","0","0","1","0","0","0","0","0","0","0","1","0","0","0","0","0","2","1","1","1","0","0","0","2","0","0","0","0","0","1","0","0","0","0","0","0","0","0","0","0","0","0","0","0","0","0","0","1","0","0","0","6370503","6444486"
"2018","D5","71","Suwannee","2010","7100341","OUR PLACE PIZZERIA AND RISTORANTE LLC","403 SUWANNEE AVE SW","BRANFORD","","32008","2768645","1","Food","Routine - Food","Warning Issued","05/02/2018","","","13","7","2","4","Y","1","2","3","0","0","0","0","1","0","0","0","1","0","1","0","0","0","0","0","0","0","0","0","0","0","0","0","0","0","0","1","0","0","0","0","0","0","0","0","1","1","0","0","0","0","0","0","0","0","0","1","0","0","0","0","0","6960648","6500604"
